date,demand_gwh
2019-01-01,145.84021667
2019-01-02,173.14796379
2019-01-03,182.99199098
2019-01-04,187.43873899000002
2019-01-05,181.71768146
2019-01-06,166.0211511
2019-01-07,165.82107240000002
2019-01-08,186.87873799000002
2019-01-09,185.96092882
2019-01-10,186.19951253
2019-01-11,187.7620641
2019-01-12,181.5832244
2019-01-13,166.02342575999998
2019-01-14,188.37110647
2019-01-15,190.88044723
2019-01-16,192.89259577
2019-01-17,195.25835629
2019-01-18,196.21745874
2019-01-19,187.8023087
2019-01-20,168.93783175
2019-01-21,192.67507329
2019-01-22,194.96836082
2019-01-23,197.10752531
2019-01-24,200.14383184
2019-01-25,201.68728403999998
2019-01-26,191.17338241
2019-01-27,173.50796573
2019-01-28,196.15258176
2019-01-29,198.07490044
2019-01-30,197.96876855000002
2019-01-31,198.59805952000002
2019-02-01,197.99212444999998
2019-02-02,188.60508140000002
2019-02-03,170.63857669
2019-02-04,197.52382839
2019-02-05,200.64596943
2019-02-06,201.42228845
2019-02-07,201.70270369
2019-02-08,199.5936275
2019-02-09,188.48336928999998
2019-02-10,170.14697983000002
2019-02-11,197.47161425
2019-02-12,200.42705367
2019-02-13,202.46961296
2019-02-14,202.89926187999998
2019-02-15,204.10890376
2019-02-16,193.97608336000002
2019-02-17,175.03147529
2019-02-18,198.08136815
2019-02-19,197.84864290000002
2019-02-20,196.48333717000003
2019-02-21,198.39198198
2019-02-22,200.72820692000002
2019-02-23,191.51890112
2019-02-24,170.92935624
2019-02-25,195.29943902000002
2019-02-26,197.74880430000002
2019-02-27,198.59756779
2019-02-28,199.58882266
2019-03-01,200.02163262
2019-03-02,188.19068224
2019-03-03,170.34264330000002
2019-03-04,196.28954578
2019-03-05,198.47469963
2019-03-06,201.46773872
2019-03-07,200.3534451
2019-03-08,200.48562797
2019-03-09,192.67360362
2019-03-10,172.21552229
2019-03-11,194.12679752
2019-03-12,196.56476772
2019-03-13,197.93248847
2019-03-14,199.3159065
2019-03-15,199.30416904
2019-03-16,190.99576625999998
2019-03-17,171.44801076
2019-03-18,196.0036784
2019-03-19,195.26319296
2019-03-20,198.3247255
2019-03-21,198.35804496
2019-03-22,197.37913759
2019-03-23,187.77415144
2019-03-24,170.19887462
2019-03-25,174.00821390000002
2019-03-26,198.58891067
2019-03-27,200.82739930000002
2019-03-28,202.12846637
2019-03-29,196.83920927
2019-03-30,189.35709577
2019-03-31,172.92329481000002
2019-04-01,193.6017675
2019-04-02,194.63518549
2019-04-03,196.90634928
2019-04-04,199.82010984000001
2019-04-05,200.61367505
2019-04-06,190.92277063999998
2019-04-07,172.53724239000002
2019-04-08,199.19739517000002
2019-04-09,201.16784036
2019-04-10,200.41788332
2019-04-11,201.66428374
2019-04-12,203.58870363
2019-04-13,195.14879563999997
2019-04-14,178.62278689
2019-04-15,197.1014812
2019-04-16,198.61596831
2019-04-17,195.39776692
2019-04-18,168.05269744999998
2019-04-19,160.5981044
2019-04-20,169.46670997
2019-04-21,166.36442894
2019-04-22,191.32472418
2019-04-23,197.79927509
2019-04-24,198.78714760999998
2019-04-25,200.87711724000002
2019-04-26,202.49689707
2019-04-27,193.91173383
2019-04-28,177.33506695
2019-04-29,202.15771243
2019-04-30,204.09560922
2019-05-01,185.19206325
2019-05-02,204.62216602
2019-05-03,206.59367391
2019-05-04,196.80742691999998
2019-05-05,177.2623442
2019-05-06,205.0977819
2019-05-07,207.39310909
2019-05-08,202.35453130000002
2019-05-09,198.01922512000002
2019-05-10,195.58955674
2019-05-11,188.2511616
2019-05-12,169.55063696000002
2019-05-13,198.60159465
2019-05-14,201.89351318
2019-05-15,199.87331872
2019-05-16,202.01783025
2019-05-17,203.07669321
2019-05-18,192.10385386000002
2019-05-19,171.56753994
2019-05-20,195.73855190999998
2019-05-21,197.04873973
2019-05-22,200.49233896
2019-05-23,197.24875133
2019-05-24,198.96640897
2019-05-25,187.61194453
2019-05-26,168.4211202
2019-05-27,193.0711818
2019-05-28,194.39218656
2019-05-29,196.80137198
2019-05-30,194.52833639
2019-05-31,194.86351103
2019-06-01,183.45316104
2019-06-02,167.75318065000002
2019-06-03,173.42494865999998
2019-06-04,199.37742268
2019-06-05,202.92664244999997
2019-06-06,199.22087018000002
2019-06-07,194.94942285
2019-06-08,189.68979597
2019-06-09,176.04355175999999
2019-06-10,197.77859364
2019-06-11,199.43389634
2019-06-12,200.17074495
2019-06-13,202.8983821
2019-06-14,204.38300456
2019-06-15,194.74934563
2019-06-16,172.4713947
2019-06-17,201.17559723
2019-06-18,206.89253178
2019-06-19,206.78725552
2019-06-20,206.08984031999998
2019-06-21,206.87316993000002
2019-06-22,195.58388619
2019-06-23,176.03829293
2019-06-24,173.78435789
2019-06-25,193.98769749000002
2019-06-26,201.82939828
2019-06-27,204.33743494
2019-06-28,203.74930716
2019-06-29,191.83641499
2019-06-30,171.4597316
2019-07-01,171.8583737
2019-07-02,194.64989106000002
2019-07-03,199.59259662
2019-07-04,200.8619773
2019-07-05,202.45635088
2019-07-06,193.41646852000002
2019-07-07,175.81284028
2019-07-08,196.52391774
2019-07-09,196.34571446
2019-07-10,201.02705735
2019-07-11,201.62630185
2019-07-12,202.58968081999998
2019-07-13,192.45685641999998
2019-07-14,174.11725543
2019-07-15,196.23148644
2019-07-16,199.32941458000002
2019-07-17,201.67656568
2019-07-18,205.32475857
2019-07-19,204.68120411
2019-07-20,186.23982655
2019-07-21,176.28379328
2019-07-22,202.764015
2019-07-23,199.12787808000002
2019-07-24,201.0976442
2019-07-25,201.66456136
2019-07-26,200.8756108
2019-07-27,192.87364097999998
2019-07-28,176.52210990999998
2019-07-29,201.40956869
2019-07-30,203.31694853
2019-07-31,204.9187757
2019-08-01,203.25802872999998
2019-08-02,205.80069053
2019-08-03,193.92778818
2019-08-04,174.36794773
2019-08-05,199.32361127000001
2019-08-06,202.63409543
2019-08-07,185.20042940000002
2019-08-08,204.43263403
2019-08-09,207.42235127
2019-08-10,199.10442633
2019-08-11,180.73574419
2019-08-12,207.28866051
2019-08-13,210.15974564
2019-08-14,205.46207623
2019-08-15,202.86554986000002
2019-08-16,197.33933001
2019-08-17,188.8157248
2019-08-18,173.25283502000002
2019-08-19,178.14794709
2019-08-20,200.36500664
2019-08-21,206.40105625
2019-08-22,209.06056475999998
2019-08-23,209.25327086000001
2019-08-24,197.32487723
2019-08-25,177.63972417
2019-08-26,207.09111041999998
2019-08-27,210.58976978
2019-08-28,206.67624990000002
2019-08-29,207.41525172
2019-08-30,210.32185015000002
2019-08-31,199.23721045
2019-09-01,177.06104245
2019-09-02,200.19938511
2019-09-03,203.02925834
2019-09-04,208.08897154
2019-09-05,209.04277290000002
2019-09-06,206.91245859
2019-09-07,199.83856559999998
2019-09-08,178.61104606
2019-09-09,207.2944693
2019-09-10,212.67347153999998
2019-09-11,213.77837072
2019-09-12,211.39698085
2019-09-13,211.16801704
2019-09-14,200.72710042
2019-09-15,180.90790672999998
2019-09-16,205.70770843
2019-09-17,205.79850251
2019-09-18,202.77584206999998
2019-09-19,197.24690735
2019-09-20,197.90010959
2019-09-21,185.83930714
2019-09-22,172.34312953
2019-09-23,197.14947571000002
2019-09-24,200.25664653
2019-09-25,203.02365429
2019-09-26,200.96329691
2019-09-27,204.09199186
2019-09-28,196.49283004
2019-09-29,174.25934085
2019-09-30,198.01269704999999
2019-10-01,197.87064041
2019-10-02,198.99687711
2019-10-03,197.20093769
2019-10-04,199.19938331999998
2019-10-05,192.23818075
2019-10-06,171.92238100999998
2019-10-07,198.36992705
2019-10-08,201.03450106
2019-10-09,199.15833828
2019-10-10,199.75185013
2019-10-11,198.08619547
2019-10-12,188.61075949000002
2019-10-13,171.59401421
2019-10-14,174.36438495
2019-10-15,198.97128037000002
2019-10-16,199.27355638
2019-10-17,199.67657398
2019-10-18,199.88286734
2019-10-19,189.02489853999998
2019-10-20,171.08354075999998
2019-10-21,195.07536474
2019-10-22,195.84954597
2019-10-23,197.35648940000002
2019-10-24,197.44201904
2019-10-25,200.02988016999998
2019-10-26,192.94148056999998
2019-10-27,171.41845522
2019-10-28,201.05450112
2019-10-29,205.58024110999997
2019-10-30,205.03320464
2019-10-31,202.3196781
2019-11-01,202.72071055
2019-11-02,191.85086634
2019-11-03,172.63978913
2019-11-04,177.88749751
2019-11-05,200.31521754
2019-11-06,203.71057256999998
2019-11-07,204.63087375
2019-11-08,207.98955076
2019-11-09,195.69086585999997
2019-11-10,177.0531359
2019-11-11,179.30500949
2019-11-12,200.02234146
2019-11-13,199.38368364000002
2019-11-14,200.03956501
2019-11-15,202.51512971
2019-11-16,193.49881545
2019-11-17,177.92440482
2019-11-18,201.17231185
2019-11-19,202.65656708
2019-11-20,202.72160206
2019-11-21,195.93392342
2019-11-22,197.54721671000001
2019-11-23,190.47043736
2019-11-24,176.57858851
2019-11-25,204.31775068000002
2019-11-26,209.73177694999998
2019-11-27,211.34205089
2019-11-28,212.84632882
2019-11-29,207.85717626
2019-11-30,196.94170891
2019-12-01,180.73682352
2019-12-02,206.22149478
2019-12-03,210.65817943000002
2019-12-04,209.62676672999999
2019-12-05,210.94139373
2019-12-06,211.43936335
2019-12-07,197.27803165
2019-12-08,177.2921364
2019-12-09,204.3196547
2019-12-10,209.13099646
2019-12-11,208.79042639000002
2019-12-12,207.21230243
2019-12-13,204.82155226
2019-12-14,195.1532967
2019-12-15,180.43859035
2019-12-16,205.55041996
2019-12-17,207.43447738999998
2019-12-18,207.20388945
2019-12-19,208.40064247
2019-12-20,208.0980269
2019-12-21,196.5083284
2019-12-22,183.29287558000001
2019-12-23,200.78861557
2019-12-24,188.28343962
2019-12-25,167.07708584
2019-12-26,196.59896536000002
2019-12-27,198.25977784
2019-12-28,192.17416096
2019-12-29,179.60305476
2019-12-30,190.23795552
2019-12-31,174.73993284
2020-01-01,153.51428263
2020-01-02,179.58400507
2020-01-03,189.84858498
2020-01-04,184.95084454
2020-01-05,170.28000806999998
2020-01-06,171.48826698
2020-01-07,192.71797025
2020-01-08,197.60301016999998
2020-01-09,197.78839181
2020-01-10,197.96256039
2020-01-11,191.04692786
2020-01-12,175.89058693
2020-01-13,199.60755397
2020-01-14,202.34259219
2020-01-15,204.19348322
2020-01-16,206.07740475
2020-01-17,206.75032273
2020-01-18,198.02161187000002
2020-01-19,180.5232872
2020-01-20,204.72056199000002
2020-01-21,205.40204911
2020-01-22,202.44143471
2020-01-23,202.70864050999998
2020-01-24,205.63496737
2020-01-25,196.52447271
2020-01-26,179.78046304
2020-01-27,204.39158845
2020-01-28,206.44364058000002
2020-01-29,207.62676438
2020-01-30,207.96274306
2020-01-31,209.71595724000002
2020-02-01,200.67998099000002
2020-02-02,182.01359993
2020-02-03,208.04588558
2020-02-04,209.47433378
2020-02-05,209.14410736000002
2020-02-06,210.54168006
2020-02-07,211.33655894
2020-02-08,201.28914443
2020-02-09,181.16391675
2020-02-10,206.47165063
2020-02-11,210.16839376
2020-02-12,211.34216364
2020-02-13,212.22478215
2020-02-14,211.77263032999997
2020-02-15,201.24022330000003
2020-02-16,182.64564230000002
2020-02-17,209.27109965
2020-02-18,212.83169302000002
2020-02-19,214.29949959
2020-02-20,213.47175627000001
2020-02-21,211.21967162
2020-02-22,196.84721007
2020-02-23,177.32635508
2020-02-24,200.75962316
2020-02-25,205.07659837
2020-02-26,205.84649572
2020-02-27,206.15574122
2020-02-28,207.84960625
2020-02-29,199.31553796
2020-03-01,180.73800486000002
2020-03-02,206.68201886000003
2020-03-03,210.20023852
2020-03-04,211.72694711000003
2020-03-05,213.57651967
2020-03-06,213.85748127000002
2020-03-07,201.45885721000002
2020-03-08,180.11129993
2020-03-09,205.94231122
2020-03-10,209.86776433
2020-03-11,207.41135096000002
2020-03-12,208.54849478999998
2020-03-13,207.39363516
2020-03-14,196.729077
2020-03-15,178.91845313
2020-03-16,203.44640706
2020-03-17,203.12881989
2020-03-18,202.39883945000003
2020-03-19,203.11980718
2020-03-20,189.23312159
2020-03-21,173.573841
2020-03-22,165.33369943
2020-03-23,168.57094758000002
2020-03-24,176.64092484
2020-03-25,173.10416196
2020-03-26,174.19953716
2020-03-27,174.01285537
2020-03-28,171.03443941999998
2020-03-29,162.52913893000002
2020-03-30,171.20881730000002
2020-03-31,170.72134372
2020-04-01,168.50726887000002
2020-04-02,170.33824336
2020-04-03,173.40305916
2020-04-04,169.98174177
2020-04-05,164.27379634
2020-04-06,173.1129072
2020-04-07,172.64434559
2020-04-08,173.90078513999998
2020-04-09,163.09061359
2020-04-10,158.44690344
2020-04-11,160.60189175
2020-04-12,158.41911116
2020-04-13,171.28005262
2020-04-14,172.88036344999998
2020-04-15,170.88087348
2020-04-16,172.09957206
2020-04-17,174.28987784
2020-04-18,167.73889893
2020-04-19,157.53327911000002
2020-04-20,173.10979729
2020-04-21,173.55348205
2020-04-22,174.14868441
2020-04-23,174.78648490999998
2020-04-24,176.11700559
2020-04-25,171.64493495
2020-04-26,162.80565118
2020-04-27,178.51075449
2020-04-28,179.54679652000002
2020-04-29,181.01673696
2020-04-30,181.35775831
2020-05-01,167.86012022
2020-05-02,170.57679643
2020-05-03,161.77184653
2020-05-04,179.7087037
2020-05-05,183.70690588
2020-05-06,185.17995632
2020-05-07,185.22928473
2020-05-08,184.86390339
2020-05-09,178.81926255000002
2020-05-10,166.80750866999998
2020-05-11,185.90063589
2020-05-12,186.25817479
2020-05-13,182.4691052
2020-05-14,184.93944803
2020-05-15,185.85042024
2020-05-16,181.02165197
2020-05-17,165.4123825
2020-05-18,184.05882585
2020-05-19,183.60507988
2020-05-20,187.55948243
2020-05-21,190.91508113999998
2020-05-22,188.75310473
2020-05-23,181.9179975
2020-05-24,167.8740443
2020-05-25,172.43766072999998
2020-05-26,189.60940572
2020-05-27,185.26459640000002
2020-05-28,183.66526729
2020-05-29,183.30225233000002
2020-05-30,170.95528974
2020-05-31,155.34619744
2020-06-01,179.5270379
2020-06-02,184.53378241
2020-06-03,184.88483530000002
2020-06-04,189.00917919999998
2020-06-05,191.27537594999998
2020-06-06,178.45934376
2020-06-07,164.50017613999998
2020-06-08,188.54254200999998
2020-06-09,189.59058465
2020-06-10,181.42459273
2020-06-11,184.48736758
2020-06-12,185.39391219
2020-06-13,180.2974901
2020-06-14,166.00182062000002
2020-06-15,167.88882928
2020-06-16,189.52564732
2020-06-17,189.74109594
2020-06-18,191.10842575
2020-06-19,192.45235172999998
2020-06-20,183.09358181
2020-06-21,165.16479784999999
2020-06-22,169.81780677
2020-06-23,190.8569794
2020-06-24,184.38681329
2020-06-25,193.31326163
2020-06-26,191.98618987999998
2020-06-27,183.79806725999998
2020-06-28,165.75557221
2020-06-29,171.15471094999998
2020-06-30,192.37681061
2020-07-01,194.08880316
2020-07-02,190.82872455
2020-07-03,192.27127487
2020-07-04,184.00040458
2020-07-05,166.23074971
2020-07-06,190.01905850999998
2020-07-07,190.26295696
2020-07-08,188.24836957
2020-07-09,191.40193997999998
2020-07-10,194.1989555
2020-07-11,180.62555702
2020-07-12,164.52208517
2020-07-13,190.55773907
2020-07-14,191.5857615
2020-07-15,195.83394452000002
2020-07-16,194.76574341999998
2020-07-17,195.03582514000001
2020-07-18,187.39571632
2020-07-19,171.63019723
2020-07-20,173.32350043
2020-07-21,191.33000889
2020-07-22,191.70291747
2020-07-23,192.87146347
2020-07-24,189.80109496
2020-07-25,178.65775725
2020-07-26,167.46880403
2020-07-27,190.16295526
2020-07-28,195.98807981000002
2020-07-29,197.96805706
2020-07-30,196.87781791999998
2020-07-31,196.43154382
2020-08-01,187.72380827
2020-08-02,174.25943152000002
2020-08-03,194.92938946
2020-08-04,195.51245394
2020-08-05,197.52650638999998
2020-08-06,197.30097881
2020-08-07,184.26759656000002
2020-08-08,185.9247044
2020-08-09,174.3240167
2020-08-10,197.37520352
2020-08-11,201.48366072
2020-08-12,202.29023564
2020-08-13,201.50530915000002
2020-08-14,199.71828603
2020-08-15,188.46221666999998
2020-08-16,169.82544312000002
2020-08-17,172.9077848
2020-08-18,195.6568384
2020-08-19,195.04426747
2020-08-20,196.5186919
2020-08-21,196.29118737000002
2020-08-22,185.12181815
2020-08-23,168.00596791
2020-08-24,191.05294765
2020-08-25,193.19477294
2020-08-26,194.28153896
2020-08-27,196.88775778000002
2020-08-28,199.31480790999998
2020-08-29,189.79082243000002
2020-08-30,168.01160021
2020-08-31,193.41120897
2020-09-01,196.67581546
2020-09-02,193.10792022
2020-09-03,197.23786736000002
2020-09-04,197.9931343
2020-09-05,192.69096954
2020-09-06,171.77265866
2020-09-07,195.20864924
2020-09-08,194.12153712
2020-09-09,195.10041053999998
2020-09-10,199.03432927
2020-09-11,202.23388525
2020-09-12,193.08183065
2020-09-13,173.20731084
2020-09-14,198.60023658
2020-09-15,201.27153545
2020-09-16,195.33152797
2020-09-17,200.29234219999998
2020-09-18,199.08221247
2020-09-19,190.56293509
2020-09-20,172.76009
2020-09-21,196.0735125
2020-09-22,201.0688389
2020-09-23,201.29039189000002
2020-09-24,196.61661297999999
2020-09-25,197.06166714
2020-09-26,190.8744885
2020-09-27,169.38568909
2020-09-28,195.57699042
2020-09-29,199.65130956000002
2020-09-30,196.29262609
2020-10-01,199.41392127
2020-10-02,199.36902711
2020-10-03,190.64254950999998
2020-10-04,167.77851696000002
2020-10-05,194.44832137999998
2020-10-06,198.27410937
2020-10-07,200.13159473000002
2020-10-08,197.30688884
2020-10-09,200.35997783000002
2020-10-10,193.86673874000002
2020-10-11,176.47290419
2020-10-12,180.93270163999998
2020-10-13,198.12628353
2020-10-14,198.97509352
2020-10-15,203.03574534999998
2020-10-16,206.5518505
2020-10-17,195.47544663
2020-10-18,173.45731527
2020-10-19,192.87636285
2020-10-20,197.46183745
2020-10-21,200.78893044999998
2020-10-22,203.73907606999998
2020-10-23,203.43909349
2020-10-24,190.44961400999998
2020-10-25,172.84062095
2020-10-26,199.82147991
2020-10-27,205.63024271
2020-10-28,204.05419191
2020-10-29,203.90494262
2020-10-30,207.00625846
2020-10-31,191.39963930000002
2020-11-01,171.91797965
2020-11-02,176.94011250999998
2020-11-03,202.59520639
2020-11-04,210.15293438999998
2020-11-05,205.80650402
2020-11-06,207.57361054
2020-11-07,198.71496346
2020-11-08,184.31668864
2020-11-09,206.97913453
2020-11-10,208.92645442
2020-11-11,206.39243038
2020-11-12,207.00141838
2020-11-13,206.27428439
2020-11-14,193.61517297999998
2020-11-15,177.55593457
2020-11-16,186.11506799
2020-11-17,203.2491112
2020-11-18,201.16587302000002
2020-11-19,205.27638611
2020-11-20,209.1103072
2020-11-21,198.86857896
2020-11-22,180.19733861
2020-11-23,205.43528145000002
2020-11-24,205.69317803
2020-11-25,208.55083666
2020-11-26,209.12697828
2020-11-27,206.64103839
2020-11-28,196.63057265999998
2020-11-29,181.17424239000002
2020-11-30,208.88462603
2020-12-01,210.98455259
2020-12-02,209.66779777000002
2020-12-03,204.38318852
2020-12-04,204.02179438
2020-12-05,195.92793770000003
2020-12-06,182.17350947999998
2020-12-07,198.64765797
2020-12-08,185.04437776
2020-12-09,205.09143827
2020-12-10,207.03975277
2020-12-11,210.03627062
2020-12-12,198.47468032
2020-12-13,180.53971156999998
2020-12-14,203.37690752
2020-12-15,204.80036375999998
2020-12-16,206.34449095
2020-12-17,205.48972532
2020-12-18,204.32348305000002
2020-12-19,197.05569222
2020-12-20,181.36312415
2020-12-21,202.11342141999998
2020-12-22,204.67810645
2020-12-23,202.39483661000003
2020-12-24,185.03390355000002
2020-12-25,159.81043825999998
2020-12-26,177.26137157999997
2020-12-27,174.19442467
2020-12-28,191.54618008
2020-12-29,193.06789737
2020-12-30,190.26292340999998
2020-12-31,174.01810554
2021-01-01,153.30662872
2021-01-02,165.90871367
2021-01-03,165.57304846
2021-01-04,187.07339221
2021-01-05,190.7222709
2021-01-06,192.59442678
2021-01-07,194.31134985
2021-01-08,191.69461834
2021-01-09,182.40665923
2021-01-10,168.89180733
2021-01-11,173.11990159
2021-01-12,193.13834434
2021-01-13,197.05893271000002
2021-01-14,198.745332
2021-01-15,199.80982876
2021-01-16,190.62727959
2021-01-17,172.90776301
2021-01-18,197.70289143
2021-01-19,200.19136686000002
2021-01-20,200.45696492
2021-01-21,201.3628209
2021-01-22,201.73481012
2021-01-23,190.94884056
2021-01-24,174.33519616
2021-01-25,197.47884600999998
2021-01-26,200.23750457999998
2021-01-27,202.04102644
2021-01-28,201.94924042000002
2021-01-29,200.92949602000002
2021-01-30,190.60517832
2021-01-31,173.94216605000003
2021-02-01,199.85377530000002
2021-02-02,203.01721802
2021-02-03,204.71968786000002
2021-02-04,205.46409718
2021-02-05,206.9354673
2021-02-06,197.61487734
2021-02-07,178.89843695
2021-02-08,204.06752316
2021-02-09,205.62309704
2021-02-10,204.2055637
2021-02-11,205.05753867
2021-02-12,205.74204559999998
2021-02-13,195.98963068
2021-02-14,177.3952684
2021-02-15,200.86676993
2021-02-16,203.62479565
2021-02-17,202.81833688
2021-02-18,205.06807425
2021-02-19,204.54235674
2021-02-20,196.17580939
2021-02-21,177.99470818
2021-02-22,201.03841017
2021-02-23,205.59535304
2021-02-24,207.28963769
2021-02-25,208.91704366
2021-02-26,208.05934993
2021-02-27,195.81788171
2021-02-28,176.36801766
2021-03-01,198.42173115
2021-03-02,199.98474941999999
2021-03-03,199.67090406
2021-03-04,203.30642644
2021-03-05,203.94042062
2021-03-06,196.66944496000002
2021-03-07,178.35516973
2021-03-08,199.53835018
2021-03-09,202.85483396
2021-03-10,203.44412918
2021-03-11,203.58367055000002
2021-03-12,203.22718143
2021-03-13,193.8490075
2021-03-14,174.83302646
2021-03-15,199.81122588
2021-03-16,200.81317675
2021-03-17,202.64907940999998
2021-03-18,202.87093310999998
2021-03-19,204.03729388
2021-03-20,196.09819435
2021-03-21,178.86917144
2021-03-22,179.23479021
2021-03-23,199.98472538
2021-03-24,203.93446552
2021-03-25,205.72747796000002
2021-03-26,204.83251994
2021-03-27,196.85623629
2021-03-28,181.04181525
2021-03-29,204.07788785
2021-03-30,207.31043749
2021-03-31,202.51860209
2021-04-01,178.23134093000002
2021-04-02,166.64983617
2021-04-03,176.56372631
2021-04-04,174.24635809999998
2021-04-05,201.54412484
2021-04-06,203.51088519
2021-04-07,202.17068327
2021-04-08,205.62002735
2021-04-09,202.4308635
2021-04-10,194.05399531999998
2021-04-11,180.58865456
2021-04-12,201.78458934
2021-04-13,206.54583184
2021-04-14,205.82462903
2021-04-15,206.39740725
2021-04-16,204.08655438999998
2021-04-17,197.20039075
2021-04-18,177.96439619999998
2021-04-19,205.51317775
2021-04-20,210.62238021
2021-04-21,209.18009582999997
2021-04-22,210.14808431999998
2021-04-23,207.61796157
2021-04-24,199.77850185
2021-04-25,183.5887487
2021-04-26,206.03734630000002
2021-04-27,204.37570691
2021-04-28,195.1923733
2021-04-29,196.14840203
2021-04-30,191.50987389000002
2021-05-01,175.76699356999998
2021-05-02,168.39569082
2021-05-03,186.65776741
2021-05-04,188.85008133000002
2021-05-05,186.04879638
2021-05-06,187.50961933000002
2021-05-07,188.47154643000002
2021-05-08,183.19135575
2021-05-09,169.65667219999997
2021-05-10,190.74048163999998
2021-05-11,196.42287612
2021-05-12,196.71495512
2021-05-13,200.7417545
2021-05-14,202.85390859999998
2021-05-15,194.69064239
2021-05-16,176.99172294
2021-05-17,177.64933768
2021-05-18,192.99665778
2021-05-19,197.52747159999998
2021-05-20,202.81329282
2021-05-21,205.14930013
2021-05-22,196.70262477
2021-05-23,178.44519266
2021-05-24,201.60686343
2021-05-25,203.66228495
2021-05-26,204.76694038999997
2021-05-27,203.37280899
2021-05-28,199.15097903
2021-05-29,190.18117878
2021-05-30,175.49525588
2021-05-31,198.88317632
2021-06-01,200.13860571
2021-06-02,201.01350326
2021-06-03,204.97433741
2021-06-04,205.31475844
2021-06-05,197.35807935
2021-06-06,178.27000135999998
2021-06-07,178.5763394
2021-06-08,196.55371409
2021-06-09,196.3581063
2021-06-10,200.52146781
2021-06-11,206.02065548
2021-06-12,196.24250572999998
2021-06-13,177.66174641
2021-06-14,181.02070212
2021-06-15,200.0523163
2021-06-16,203.56988909999998
2021-06-17,208.88040812
2021-06-18,206.37235404
2021-06-19,198.81691153999998
2021-06-20,181.70503163
2021-06-21,202.07400087
2021-06-22,203.72795732
2021-06-23,205.3960414
2021-06-24,199.77882401
2021-06-25,200.33203816
2021-06-26,192.29004199000002
2021-06-27,176.20056391
2021-06-28,201.15235844
2021-06-29,208.22407612
2021-06-30,206.78215466999998
2021-07-01,203.26051668
2021-07-02,205.44964154
2021-07-03,196.04604971999998
2021-07-04,174.14130255
2021-07-05,180.74293601
2021-07-06,203.65265103
2021-07-07,208.13812622
2021-07-08,209.36743211
2021-07-09,208.57709204
2021-07-10,197.42315566
2021-07-11,179.67553647999998
2021-07-12,205.28484046
2021-07-13,208.57033193
2021-07-14,210.66345394
2021-07-15,212.14933545
2021-07-16,211.6008683
2021-07-17,203.01350036
2021-07-18,185.95137345
2021-07-19,209.00068301
2021-07-20,197.08362636
2021-07-21,213.99991366
2021-07-22,215.05448348
2021-07-23,216.6919127
2021-07-24,202.379616
2021-07-25,175.93444402
2021-07-26,203.02210540000002
2021-07-27,205.58324812
2021-07-28,208.30045218
2021-07-29,211.50399212
2021-07-30,210.08837859
2021-07-31,204.27967999
2021-08-01,185.7281388
2021-08-02,203.41475975
2021-08-03,204.89382451
2021-08-04,207.41795556
2021-08-05,211.91145165999998
2021-08-06,211.59563368000002
2021-08-07,195.02116562
2021-08-08,185.58999588999998
2021-08-09,210.56279738
2021-08-10,211.58835503999998
2021-08-11,211.43977128
2021-08-12,210.8429296
2021-08-13,210.73894808
2021-08-14,200.46332119
2021-08-15,178.75435199
2021-08-16,183.56126462999998
2021-08-17,202.78239173
2021-08-18,207.38944834999998
2021-08-19,207.8046196
2021-08-20,206.32068966999998
2021-08-21,199.86242784
2021-08-22,184.3562112
2021-08-23,208.81889068
2021-08-24,206.80380766
2021-08-25,206.6133232
2021-08-26,208.54754297
2021-08-27,211.10711896
2021-08-28,207.03529389000002
2021-08-29,187.56569188
2021-08-30,204.22823456
2021-08-31,206.30479428
2021-09-01,211.73809287
2021-09-02,220.45198401
2021-09-03,224.52900733
2021-09-04,210.79495476
2021-09-05,191.19786875999998
2021-09-06,210.39898283000002
2021-09-07,206.01474681
2021-09-08,210.28661222
2021-09-09,221.85404647
2021-09-10,224.00083549000001
2021-09-11,209.12809443999998
2021-09-12,190.47663522
2021-09-13,211.21435422
2021-09-14,210.67251575
2021-09-15,215.49346011
2021-09-16,220.30640937
2021-09-17,226.24924664
2021-09-18,216.1399711
2021-09-19,193.86062592
2021-09-20,221.65549821000002
2021-09-21,221.4815587
2021-09-22,219.44166522999998
2021-09-23,214.06011142
2021-09-24,214.46982871
2021-09-25,206.73787441
2021-09-26,190.92997962
2021-09-27,216.22928486
2021-09-28,221.19840273
2021-09-29,219.98916513999998
2021-09-30,216.57741771000002
2021-10-01,216.41744877000002
2021-10-02,212.50798961
2021-10-03,191.47444259
2021-10-04,218.65736165
2021-10-05,221.23600607999998
2021-10-06,221.18031718
2021-10-07,226.72667945999999
2021-10-08,224.10829913
2021-10-09,213.07288029
2021-10-10,195.74899174
2021-10-11,215.96838767000003
2021-10-12,221.13254095
2021-10-13,218.27003602000002
2021-10-14,221.75330715
2021-10-15,222.93239019
2021-10-16,208.06593157
2021-10-17,187.87639844
2021-10-18,196.9401486
2021-10-19,217.13664244999998
2021-10-20,214.19552299
2021-10-21,213.46952269
2021-10-22,216.63749158000002
2021-10-23,206.64087706
2021-10-24,188.37864779
2021-10-25,212.19028499
2021-10-26,214.30795338
2021-10-27,213.84165629
2021-10-28,215.01731095
2021-10-29,207.91259009
2021-10-30,199.94122291
2021-10-31,179.36248271
2021-11-01,180.97817984
2021-11-02,205.40217463
2021-11-03,209.42465540999999
2021-11-04,210.23592905
2021-11-05,215.11004956
2021-11-06,208.52746336
2021-11-07,192.27096745
2021-11-08,213.04021627
2021-11-09,214.47703706000001
2021-11-10,212.63581156
2021-11-11,215.18585847999998
2021-11-12,215.71449625
2021-11-13,205.93300134
2021-11-14,187.00056148
2021-11-15,190.42960238
2021-11-16,216.17436043
2021-11-17,216.88985921
2021-11-18,219.16605535
2021-11-19,216.29030283
2021-11-20,209.53967103
2021-11-21,189.25030372
2021-11-22,211.67148713999998
2021-11-23,211.32071313999998
2021-11-24,209.63220522999998
2021-11-25,209.37057844999998
2021-11-26,208.18246062
2021-11-27,202.05751232
2021-11-28,188.47321161000002
2021-11-29,209.53157649000002
2021-11-30,212.41502763999998
2021-12-01,211.47634949000002
2021-12-02,213.76788872
2021-12-03,216.08811942
2021-12-04,207.25017648
2021-12-05,190.31600232999998
2021-12-06,213.75996017
2021-12-07,212.99995293
2021-12-08,195.31418624
2021-12-09,214.20333445
2021-12-10,214.01087547999998
2021-12-11,203.67358687
2021-12-12,187.28242062
2021-12-13,206.60971757
2021-12-14,210.98672966
2021-12-15,213.95650876
2021-12-16,216.01170708
2021-12-17,213.93908292
2021-12-18,204.32557909
2021-12-19,189.28288263
2021-12-20,212.47150882
2021-12-21,213.29666957999999
2021-12-22,213.60650128999998
2021-12-23,210.60701741
2021-12-24,194.36365317000002
2021-12-25,173.4932943
2021-12-26,182.00406392000002
2021-12-27,205.87668757
2021-12-28,207.02917019999998
2021-12-29,204.54606911000002
2021-12-30,201.17662156999998
2021-12-31,183.6412688
2022-01-01,162.77014192
2022-01-02,170.97671509
2022-01-03,193.75061723
2022-01-04,199.10891769
2022-01-05,200.34737618
2022-01-06,201.43550077
2022-01-07,202.59126696
2022-01-08,196.50422869
2022-01-09,180.76756974
2022-01-10,182.17292678
2022-01-11,200.74461628
2022-01-12,205.55559977000001
2022-01-13,210.95650532
2022-01-14,208.33704623
2022-01-15,197.90423466
2022-01-16,184.20831721000002
2022-01-17,207.06567357999998
2022-01-18,210.0351031
2022-01-19,211.20902130000002
2022-01-20,213.31704553
2022-01-21,216.43663222
2022-01-22,205.23006896
2022-01-23,187.22901311
2022-01-24,210.39032127000002
2022-01-25,212.33121909
2022-01-26,212.43395062000002
2022-01-27,213.4616531
2022-01-28,213.80945406
2022-01-29,203.03374771
2022-01-30,182.07335195
2022-01-31,205.3848809
2022-02-01,211.00997995
2022-02-02,213.46516575
2022-02-03,215.51593598
2022-02-04,215.29407519999998
2022-02-05,204.00766881
2022-02-06,184.06770680000002
2022-02-07,207.93941572
2022-02-08,209.52334341
2022-02-09,209.73693014
2022-02-10,210.66306501
2022-02-11,213.34505213
2022-02-12,206.07225715
2022-02-13,187.90509063
2022-02-14,210.52547463
2022-02-15,210.56836861000002
2022-02-16,210.9842208
2022-02-17,214.24946276
2022-02-18,211.91457816
2022-02-19,203.26538281
2022-02-20,184.03827724
2022-02-21,208.70132936000002
2022-02-22,217.73047354
2022-02-23,217.91085285
2022-02-24,215.40255191999998
2022-02-25,214.99040703
2022-02-26,205.03537943999999
2022-02-27,185.67754854
2022-02-28,205.88272633000003
2022-03-01,210.03341165999998
2022-03-02,210.64289766
2022-03-03,211.10014809999998
2022-03-04,212.75438977000002
2022-03-05,203.87928669
2022-03-06,180.55735516
2022-03-07,206.85284618
2022-03-08,212.76153134
2022-03-09,212.98154462
2022-03-10,213.02843751
2022-03-11,212.65416786
2022-03-12,203.93123529
2022-03-13,183.73455939
2022-03-14,211.0849191
2022-03-15,213.78479997
2022-03-16,215.42917672
2022-03-17,215.32617802000001
2022-03-18,216.33958863
2022-03-19,206.25762447999998
2022-03-20,186.63107603
2022-03-21,189.9576652
2022-03-22,212.88742661
2022-03-23,215.65857299
2022-03-24,218.04128819
2022-03-25,218.65304275
2022-03-26,207.24535072999998
2022-03-27,186.08689348
2022-03-28,208.05216415
2022-03-29,210.54983087
2022-03-30,213.05566675999998
2022-03-31,214.29383352000002
2022-04-01,213.57782252
2022-04-02,206.37047654
2022-04-03,187.93085141
2022-04-04,208.39698991
2022-04-05,213.79648959
2022-04-06,217.99232024
2022-04-07,217.39140125
2022-04-08,216.46950046999999
2022-04-09,208.42758824
2022-04-10,192.78936129
2022-04-11,215.35184651
2022-04-12,217.47272521000002
2022-04-13,212.57568135
2022-04-14,189.40636254
2022-04-15,179.96589679
2022-04-16,189.98272031
2022-04-17,182.52215095
2022-04-18,209.29126591
2022-04-19,208.25442704
2022-04-20,206.98968115
2022-04-21,208.94786328
2022-04-22,208.74698575
2022-04-23,201.65521694
2022-04-24,187.71688519
2022-04-25,207.35206269999998
2022-04-26,212.51473554
2022-04-27,213.39236572
2022-04-28,210.6515995
2022-04-29,211.81382425
2022-04-30,207.24766875
2022-05-01,183.92658626
2022-05-02,212.73668996
2022-05-03,219.38106025
2022-05-04,222.22640087
2022-05-05,214.33002518
2022-05-06,208.90892039000002
2022-05-07,200.73255849
2022-05-08,185.96557257
2022-05-09,214.94397286
2022-05-10,214.81452958000003
2022-05-11,212.66937672999998
2022-05-12,214.58165241999998
2022-05-13,215.89493986000002
2022-05-14,209.62257504
2022-05-15,191.74446094
2022-05-16,214.96079257
2022-05-17,214.74067803999998
2022-05-18,213.58245755000002
2022-05-19,213.59265152
2022-05-20,215.67709276
2022-05-21,207.2932611
2022-05-22,192.17280884000002
2022-05-23,213.66979758000002
2022-05-24,217.41069825
2022-05-25,216.56759321
2022-05-26,214.90823412999998
2022-05-27,216.01397419999998
2022-05-28,207.43856912
2022-05-29,184.64604494999998
2022-05-30,190.55468813
2022-05-31,210.7906729
2022-06-01,212.49771005000002
2022-06-02,211.05261128
2022-06-03,207.56159118
2022-06-04,200.65142084000001
2022-06-05,183.28883688
2022-06-06,207.52004151
2022-06-07,206.96019232
2022-06-08,208.69061069
2022-06-09,210.45491537
2022-06-10,213.84139256
2022-06-11,203.07347237000002
2022-06-12,183.27036196
2022-06-13,207.57811045
2022-06-14,207.9713387
2022-06-15,211.68751044
2022-06-16,213.23169657
2022-06-17,211.66454330000002
2022-06-18,200.33078537
2022-06-19,176.25732657
2022-06-20,185.99655502000002
2022-06-21,208.10717545000003
2022-06-22,213.91232244999998
2022-06-23,215.67195888999998
2022-06-24,211.87922345
2022-06-25,199.16927415
2022-06-26,178.35512427
2022-06-27,183.16218239
2022-06-28,206.05342021
2022-06-29,210.82763831
2022-06-30,210.37766608
2022-07-01,210.85949860999997
2022-07-02,202.33569768
2022-07-03,183.77333094
2022-07-04,193.9061061
2022-07-05,211.46446609999998
2022-07-06,213.98509449000002
2022-07-07,216.69593165999999
2022-07-08,216.45655375
2022-07-09,208.24323028999999
2022-07-10,190.70428137000002
2022-07-11,211.61743826
2022-07-12,215.49840046
2022-07-13,216.61402617
2022-07-14,218.06352237000002
2022-07-15,218.24533665
2022-07-16,209.81724297
2022-07-17,190.87773857
2022-07-18,212.07262627
2022-07-19,215.60619281
2022-07-20,203.15187134
2022-07-21,216.15866072999998
2022-07-22,217.36521924000002
2022-07-23,206.76111438
2022-07-24,187.26226981
2022-07-25,211.28322365
2022-07-26,214.27351072
2022-07-27,214.80880697
2022-07-28,211.62188576
2022-07-29,217.41249761
2022-07-30,211.50512628
2022-07-31,189.7416705
2022-08-01,211.4683011
2022-08-02,210.21808143
2022-08-03,212.17184481
2022-08-04,215.92394384
2022-08-05,214.52539392000003
2022-08-06,202.6634565
2022-08-07,187.705251
2022-08-08,215.2590499
2022-08-09,218.28477528
2022-08-10,215.18055467
2022-08-11,216.74122566
2022-08-12,217.14923049
2022-08-13,204.58925254
2022-08-14,184.05511234
2022-08-15,187.15042986
2022-08-16,210.19818664
2022-08-17,218.41885925
2022-08-18,221.89481068999999
2022-08-19,224.53691152000002
2022-08-20,212.22500944
2022-08-21,186.6765484
2022-08-22,211.07129392
2022-08-23,213.7546034
2022-08-24,218.14081184
2022-08-25,218.45782338
2022-08-26,216.69759799000002
2022-08-27,210.98605118999998
2022-08-28,189.24069971
2022-08-29,208.91794203
2022-08-30,216.76689607
2022-08-31,218.56265011
2022-09-01,214.42436305
2022-09-02,217.34726254
2022-09-03,208.94093293
2022-09-04,189.83332517
2022-09-05,215.58646036
2022-09-06,219.93141618
2022-09-07,220.229368
2022-09-08,217.98253265
2022-09-09,218.92633981
2022-09-10,212.18270263999997
2022-09-11,188.59170188
2022-09-12,212.35515132
2022-09-13,213.53560778
2022-09-14,217.18325457
2022-09-15,219.78195028
2022-09-16,218.12213803999998
2022-09-17,206.63217762
2022-09-18,185.22605944999998
2022-09-19,207.25132584
2022-09-20,209.85472056
2022-09-21,211.15540615
2022-09-22,211.00559647
2022-09-23,214.88832109
2022-09-24,208.02964569
2022-09-25,186.90080597
2022-09-26,215.30117894999998
2022-09-27,219.08766017
2022-09-28,219.40494378
2022-09-29,217.79269331999998
2022-09-30,216.16809705
2022-10-01,202.21127421
2022-10-02,185.62039196
2022-10-03,221.67290102
2022-10-04,226.41761218000002
2022-10-05,220.45887340000002
2022-10-06,219.2395785
2022-10-07,216.18053404
2022-10-08,207.24631366
2022-10-09,187.63890584
2022-10-10,216.47605216
2022-10-11,223.57188846
2022-10-12,222.74552052
2022-10-13,218.73264452
2022-10-14,219.67860416
2022-10-15,209.29859423
2022-10-16,185.47477708000002
2022-10-17,189.56637815000002
2022-10-18,217.32567588999999
2022-10-19,217.99823657
2022-10-20,219.19414053999998
2022-10-21,218.17549969
2022-10-22,208.79770964000002
2022-10-23,188.74150115
2022-10-24,212.19637168
2022-10-25,213.8070944
2022-10-26,213.55767496
2022-10-27,215.71749463999998
2022-10-28,214.31674883000002
2022-10-29,204.02452842000002
2022-10-30,191.72822509
2022-10-31,214.73215818
2022-11-01,222.24255296
2022-11-02,225.06190381
2022-11-03,218.01207267
2022-11-04,215.82625031999999
2022-11-05,204.40482444999998
2022-11-06,179.41871733000002
2022-11-07,188.65831585
2022-11-08,212.36424249
2022-11-09,211.87119181
2022-11-10,214.37592103
2022-11-11,216.30321797
2022-11-12,204.24639445
2022-11-13,184.77089404
2022-11-14,191.80014169999998
2022-11-15,215.3120691
2022-11-16,219.26580036000001
2022-11-17,217.22887191
2022-11-18,213.04835479
2022-11-19,210.27710273
2022-11-20,196.42225435999998
2022-11-21,218.5705071
2022-11-22,222.67914074
2022-11-23,221.91503630000003
2022-11-24,220.37809009
2022-11-25,222.45652313999997
2022-11-26,213.28583505
2022-11-27,190.69904544
2022-11-28,214.32022906
2022-11-29,215.46590207
2022-11-30,216.47805116
2022-12-01,214.83267859
2022-12-02,216.26566334999998
2022-12-03,206.98219225
2022-12-04,190.9176372
2022-12-05,214.942376
2022-12-06,217.35085962
2022-12-07,213.80193573
2022-12-08,195.06273557
2022-12-09,216.90918709000002
2022-12-10,210.55447489000002
2022-12-11,191.92220816999998
2022-12-12,214.13515906
2022-12-13,219.20518776
2022-12-14,221.14858771000002
2022-12-15,221.25705634
2022-12-16,222.59470729
2022-12-17,209.42196537
2022-12-18,192.18909947999998
2022-12-19,215.36741122
2022-12-20,218.07384206999998
2022-12-21,220.30041493000002
2022-12-22,221.17730881999998
2022-12-23,217.47350111
2022-12-24,195.64131427
2022-12-25,176.43176127
2022-12-26,204.5074297
2022-12-27,212.773008
2022-12-28,218.31587290000002
2022-12-29,215.40342040000002
2022-12-30,210.72253059
2022-12-31,194.89394887
2023-01-01,173.8333418
2023-01-02,196.82221884
2023-01-03,207.72812412000002
2023-01-04,212.62907445
2023-01-05,213.18084771
2023-01-06,216.84223826
2023-01-07,208.29228739
2023-01-08,190.00161193
2023-01-09,194.43475873000003
2023-01-10,212.02496769
2023-01-11,214.93206963
2023-01-12,214.645831
2023-01-13,221.52245137
2023-01-14,211.91925342000002
2023-01-15,191.50363365
2023-01-16,217.01931013
2023-01-17,220.33214387
2023-01-18,220.94564069
2023-01-19,222.24630962
2023-01-20,222.13093457
2023-01-21,210.21396943000002
2023-01-22,195.26820808000002
2023-01-23,221.54846072
2023-01-24,225.75956746
2023-01-25,225.41615459
2023-01-26,226.88927616
2023-01-27,226.66657719999998
2023-01-28,215.92528937999998
2023-01-29,195.95577013
2023-01-30,221.36780445
2023-01-31,224.50191282
2023-02-01,223.95496167000002
2023-02-02,223.33909865
2023-02-03,225.41442354
2023-02-04,216.25068779
2023-02-05,195.58734322
2023-02-06,223.77890208
2023-02-07,223.14237418000002
2023-02-08,227.22964674000002
2023-02-09,228.70532572
2023-02-10,222.93741731999998
2023-02-11,211.81758958
2023-02-12,192.74983675
2023-02-13,215.59854398
2023-02-14,221.14633978999998
2023-02-15,225.6401343
2023-02-16,223.02861597999998
2023-02-17,226.17891353
2023-02-18,215.39686883000002
2023-02-19,188.40694009999999
2023-02-20,216.9922535
2023-02-21,218.41024822999998
2023-02-22,221.88342228
2023-02-23,220.40126995000003
2023-02-24,225.74854919999999
2023-02-25,211.363351
2023-02-26,198.30059996
2023-02-27,224.97109826
2023-02-28,223.56468347999999
2023-03-01,224.08003510999998
2023-03-02,224.76370265
2023-03-03,222.13358686
2023-03-04,215.73877685999997
2023-03-05,193.0608834
2023-03-06,215.60755050999998
2023-03-07,216.66409313
2023-03-08,215.36996409
2023-03-09,211.607063
2023-03-10,212.50128184
2023-03-11,203.22901246
2023-03-12,184.62608140999998
2023-03-13,209.0295504
2023-03-14,212.51934115
2023-03-15,211.41655411000002
2023-03-16,213.00982994999998
2023-03-17,214.38719215999998
2023-03-18,207.74449862
2023-03-19,186.76740037000002
2023-03-20,193.25333028
2023-03-21,217.52421128999998
2023-03-22,218.91792243999998
2023-03-23,218.86283730000002
2023-03-24,221.20191108
2023-03-25,211.0492287
2023-03-26,192.58827673
2023-03-27,215.97144651
2023-03-28,218.71981766
2023-03-29,217.44246757
2023-03-30,217.40002856
2023-03-31,218.20506606
2023-04-01,210.19125821
2023-04-02,191.18668862
2023-04-03,214.76610299
2023-04-04,217.31307469
2023-04-05,213.82226247999998
2023-04-06,184.15694466999997
2023-04-07,172.68275513
2023-04-08,186.83937426
2023-04-09,186.18088790000002
2023-04-10,215.70732469
2023-04-11,219.5873079
2023-04-12,219.97425352000002
2023-04-13,220.78667452000002
2023-04-14,224.29413547
2023-04-15,213.67869876
2023-04-16,188.63029846
2023-04-17,211.06626913
2023-04-18,217.95456514
2023-04-19,220.14089178
2023-04-20,221.0645493
2023-04-21,217.55781166999998
2023-04-22,207.54182906
2023-04-23,188.03095203
2023-04-24,212.87866392
2023-04-25,216.81169744
2023-04-26,220.11509783000002
2023-04-27,222.26414753
2023-04-28,221.40717203999998
2023-04-29,212.10942394
2023-04-30,187.26588193999999
2023-05-01,190.32043672
2023-05-02,221.01953397
2023-05-03,227.20461278
2023-05-04,229.12136904
2023-05-05,233.63521763
2023-05-06,224.68797565
2023-05-07,198.59282969999998
2023-05-08,223.87734632
2023-05-09,229.09655552
2023-05-10,224.28145537
2023-05-11,226.77318531999998
2023-05-12,229.35598425
2023-05-13,220.16423245
2023-05-14,196.02436761
2023-05-15,220.65819143000002
2023-05-16,222.85208398000003
2023-05-17,220.8828325
2023-05-18,228.45768415
2023-05-19,231.62888119
2023-05-20,217.04892776
2023-05-21,189.52662187
2023-05-22,191.53520731
2023-05-23,217.52058437
2023-05-24,221.84522407
2023-05-25,220.65097878
2023-05-26,219.829305
2023-05-27,210.85632299
2023-05-28,190.7269537
2023-05-29,216.26743338
2023-05-30,218.4480721
2023-05-31,220.65532507
2023-06-01,217.04130431000002
2023-06-02,219.65367569
2023-06-03,214.82616376
2023-06-04,189.83637425
2023-06-05,215.64674206
2023-06-06,222.14814724000001
2023-06-07,226.05212018
2023-06-08,219.15076196
2023-06-09,220.19202353999998
2023-06-10,211.43502930000002
2023-06-11,190.56448059000002
2023-06-12,198.42370795
2023-06-13,223.66781435
2023-06-14,226.27238912
2023-06-15,222.96905038
2023-06-16,223.22609678999999
2023-06-17,208.94499939000002
2023-06-18,188.43986396
2023-06-19,197.48617303999998
2023-06-20,226.8044921
2023-06-21,231.7209128
2023-06-22,230.71927074
2023-06-23,227.05916406
2023-06-24,213.92893601
2023-06-25,192.23540461000002
2023-06-26,212.43061538
2023-06-27,219.43890739
2023-06-28,223.90051216999998
2023-06-29,227.69769043
2023-06-30,226.79698190000002
2023-07-01,213.17916505000002
2023-07-02,186.24848392
2023-07-03,190.88553487000001
2023-07-04,215.16389869
2023-07-05,220.08858219
2023-07-06,219.45039749
2023-07-07,218.50607137
2023-07-08,208.90919847
2023-07-09,191.41958547
2023-07-10,218.97759285
2023-07-11,222.76602957
2023-07-12,221.29091266999998
2023-07-13,226.77936454
2023-07-14,226.7997406
2023-07-15,215.05250497999998
2023-07-16,193.07481123
2023-07-17,219.45614206
2023-07-18,224.80986647
2023-07-19,226.15206333
2023-07-20,211.148006
2023-07-21,227.1792141
2023-07-22,214.52967553
2023-07-23,195.17216941
2023-07-24,224.94200585
2023-07-25,228.66067626
2023-07-26,226.73935996
2023-07-27,225.49666378
2023-07-28,228.46836891
2023-07-29,220.47930286000002
2023-07-30,200.35015826
2023-07-31,221.85084105
2023-08-01,225.40328972
2023-08-02,228.64092566
2023-08-03,231.8832633
2023-08-04,233.27737911000003
2023-08-05,221.29069908000002
2023-08-06,200.45375135
2023-08-07,203.65425856000002
2023-08-08,230.36252944
2023-08-09,231.42133662999998
2023-08-10,229.34834683000003
2023-08-11,233.15348778999999
2023-08-12,222.70150365
2023-08-13,201.1577207
2023-08-14,224.43131164
2023-08-15,227.66628896
2023-08-16,227.25720068
2023-08-17,229.98056513999998
2023-08-18,231.63483803
2023-08-19,223.87769144
2023-08-20,197.51730562999998
2023-08-21,199.36196971
2023-08-22,215.44088128
2023-08-23,221.4565463
2023-08-24,225.44727813999998
2023-08-25,229.93976204
2023-08-26,219.40444064
2023-08-27,198.76582283000002
2023-08-28,230.12341475
2023-08-29,236.76445671000002
2023-08-30,241.74874555000002
2023-08-31,242.69043064000002
2023-09-01,242.01406871
2023-09-02,231.78900380000002
2023-09-03,199.53274484
2023-09-04,226.54297997
2023-09-05,238.18636948
2023-09-06,242.8698021
2023-09-07,244.90045229
2023-09-08,245.3419604
2023-09-09,231.24536491
2023-09-10,201.39838048
2023-09-11,233.88769943
2023-09-12,241.28527002
2023-09-13,243.68186411000002
2023-09-14,244.56843656
2023-09-15,238.26014885
2023-09-16,223.27339083
2023-09-17,205.06136336
2023-09-18,232.67139656999998
2023-09-19,240.18719184
2023-09-20,240.366191
2023-09-21,245.98858035
2023-09-22,246.93741241
2023-09-23,230.52640702000002
2023-09-24,210.48274534
2023-09-25,240.91407437
2023-09-26,243.95475363
2023-09-27,245.99162199
2023-09-28,242.12761074000002
2023-09-29,241.00719001
2023-09-30,235.36864072
2023-10-01,213.7134602
2023-10-02,237.75908625
2023-10-03,236.44372123
2023-10-04,233.04507812
2023-10-05,237.09451765
2023-10-06,234.33781944999998
2023-10-07,224.97943207
2023-10-08,201.02611283000002
2023-10-09,229.96653108
2023-10-10,235.28982441
2023-10-11,235.30085116
2023-10-12,240.74762431
2023-10-13,239.10452033
2023-10-14,223.37532530000001
2023-10-15,199.93874511
2023-10-16,201.3899826
2023-10-17,230.66745935
2023-10-18,237.22090184
2023-10-19,242.23459354
2023-10-20,232.44740481
2023-10-21,220.39882662
2023-10-22,200.59338587
2023-10-23,229.32999051999997
2023-10-24,228.3639596
2023-10-25,226.48627777000002
2023-10-26,221.54129838999998
2023-10-27,222.63194178
2023-10-28,215.84481096000002
2023-10-29,195.33016906
2023-10-30,225.67286759
2023-10-31,225.45421991999999
2023-11-01,224.80515328
2023-11-02,224.04628717
2023-11-03,227.04094812
2023-11-04,217.61347325999998
2023-11-05,199.39277733
2023-11-06,203.99881483000001
2023-11-07,228.71842999
2023-11-08,236.23295972999998
2023-11-09,240.10962694
2023-11-10,237.6221601
2023-11-11,225.17686634
2023-11-12,205.84606344999997
2023-11-13,209.81301842
2023-11-14,237.37202915999998
2023-11-15,233.13053992000002
2023-11-16,232.96262578
2023-11-17,237.08460416
2023-11-18,220.61362641999997
2023-11-19,197.34217041999997
2023-11-20,227.5621178
2023-11-21,232.96976537
2023-11-22,232.67227981
2023-11-23,237.04788925
2023-11-24,233.59962073
2023-11-25,215.14980792
2023-11-26,198.05973325
2023-11-27,231.52953842
2023-11-28,235.62632306999998
2023-11-29,235.0644369
2023-11-30,237.81598669
2023-12-01,234.44214134999999
2023-12-02,221.76888306
2023-12-03,204.51990347999998
2023-12-04,234.00308318
2023-12-05,240.90629651
2023-12-06,242.21707644999998
2023-12-07,235.90665663
2023-12-08,217.41262197
2023-12-09,226.20531669
2023-12-10,207.53086001
2023-12-11,236.45121464000002
2023-12-12,241.03330850999998
2023-12-13,240.69117803999998
2023-12-14,241.25651184999998
2023-12-15,235.62267351
2023-12-16,223.74606065
2023-12-17,203.16056776
2023-12-18,225.98053128
2023-12-19,227.80913144
2023-12-20,229.86685226
2023-12-21,228.84834096
2023-12-22,228.90385098
2023-12-23,214.86835311
2023-12-24,198.9840211
2023-12-25,186.60454193
2023-12-26,220.23518904
2023-12-27,220.00245275999998
2023-12-28,218.5319937
2023-12-29,214.18220066
2023-12-30,201.46550547
2023-12-31,188.73992472
2024-01-01,173.81037332
2024-01-02,203.75783271
2024-01-03,212.55827233
2024-01-04,217.01830561000003
2024-01-05,218.52270919
2024-01-06,209.78243144
2024-01-07,194.43359449000002
2024-01-08,197.87616384999998
2024-01-09,221.0106865
2024-01-10,227.86835458000002
2024-01-11,229.27472097999998
2024-01-12,233.52018903
2024-01-13,223.78378945
2024-01-14,208.50263736
2024-01-15,231.76788211
2024-01-16,235.1711763
2024-01-17,232.44268259
2024-01-18,232.68602903000001
2024-01-19,233.21061576
2024-01-20,222.58193187999998
2024-01-21,202.47396315999998
2024-01-22,227.45948823
2024-01-23,231.75052269999998
2024-01-24,231.75259197
2024-01-25,230.84374810999998
2024-01-26,232.03922972
2024-01-27,222.49327875
2024-01-28,201.88410052
2024-01-29,233.10589277
2024-01-30,237.70969271
2024-01-31,235.56978961000002
2024-02-01,233.12107616999998
2024-02-02,225.85660299
2024-02-03,213.60424916999997
2024-02-04,195.91597734
2024-02-05,220.14651687
2024-02-06,223.06516201
2024-02-07,220.23443837
2024-02-08,220.08215577
2024-02-09,223.47529702
2024-02-10,216.51081875999998
2024-02-11,200.79948026999998
2024-02-12,227.62769534999998
2024-02-13,231.98864834
2024-02-14,233.52843739
2024-02-15,234.82082681999998
2024-02-16,236.18094882
2024-02-17,227.17707397
2024-02-18,206.28484045
2024-02-19,231.06944191999997
2024-02-20,232.83777338
2024-02-21,228.09373390000002
2024-02-22,225.88308634
2024-02-23,226.81553454
2024-02-24,219.09944961
2024-02-25,199.34286995
2024-02-26,225.03555284
2024-02-27,230.22762058
2024-02-28,233.8982174
2024-02-29,235.57621840000002
2024-03-01,232.70633834999998
2024-03-02,223.70566545
2024-03-03,200.95597877
2024-03-04,233.23711418000002
2024-03-05,237.85163998
2024-03-06,240.35581176
2024-03-07,240.84590465
2024-03-08,243.11455035
2024-03-09,230.34149484
2024-03-10,210.30177683000002
2024-03-11,237.45489743000002
2024-03-12,241.77931174
2024-03-13,243.18817884
2024-03-14,243.79125084999998
2024-03-15,243.69967069999998
2024-03-16,233.86325122
2024-03-17,211.49410027000002
2024-03-18,239.9435149
2024-03-19,241.82251981
2024-03-20,239.55406668999998
2024-03-21,237.84139572
2024-03-22,239.42031960999998
2024-03-23,229.68271521
2024-03-24,211.81188605
2024-03-25,216.36411502
2024-03-26,233.48218959
2024-03-27,222.31090022
2024-03-28,201.38071568
2024-03-29,193.7252517
2024-03-30,208.56702378
2024-03-31,203.48627419
2024-04-01,229.01443385
2024-04-02,226.12534066
2024-04-03,228.31726686000002
2024-04-04,227.1623669
2024-04-05,234.05465612999998
2024-04-06,226.19512949
2024-04-07,209.46393099000002
2024-04-08,233.02183356
2024-04-09,232.25435306999998
2024-04-10,236.27193423
2024-04-11,239.88986910999998
2024-04-12,238.76212675
2024-04-13,226.83498616
2024-04-14,205.89435891
2024-04-15,232.45694561000002
2024-04-16,236.60194303999998
2024-04-17,235.78951372
2024-04-18,232.95649755000002
2024-04-19,228.39875875
2024-04-20,218.49370600999998
2024-04-21,197.51954918
2024-04-22,217.36957389
2024-04-23,222.65398213999998
2024-04-24,227.59553665
2024-04-25,228.37597316999998
2024-04-26,221.13622212
2024-04-27,213.84777125
2024-04-28,191.31293852000002
2024-04-29,219.4978285
2024-04-30,230.85961364000002
2024-05-01,214.12229614
2024-05-02,228.91204133000002
2024-05-03,229.32562009
2024-05-04,213.81333184
2024-05-05,197.43511107
2024-05-06,229.29368248
2024-05-07,231.3248735
2024-05-08,229.45224290000002
2024-05-09,222.99272632
2024-05-10,226.20233063999999
2024-05-11,219.28145923
2024-05-12,196.49827967
2024-05-13,204.68230456999999
2024-05-14,228.17962043
2024-05-15,228.03386830000002
2024-05-16,230.27402655
2024-05-17,230.99334103
2024-05-18,223.59919147
2024-05-19,208.45086569999998
2024-05-20,231.49589047999999
2024-05-21,225.01917633000002
2024-05-22,223.73360031
2024-05-23,226.08251233000001
2024-05-24,232.40689155
2024-05-25,220.03622402000002
2024-05-26,200.93776306
2024-05-27,221.46229732
2024-05-28,227.35932825999998
2024-05-29,225.62705355
2024-05-30,225.15788591999998
2024-05-31,225.12520506
2024-06-01,218.8343716
2024-06-02,202.82488659999999
2024-06-03,203.89717053
2024-06-04,222.01396169
2024-06-05,223.78394419999998
2024-06-06,224.42127287
2024-06-07,225.50268819
2024-06-08,219.74205337
2024-06-09,195.4942738
2024-06-10,200.22037425
2024-06-11,219.33100964
2024-06-12,223.84272155
2024-06-13,224.65574332999998
2024-06-14,223.75208933000002
2024-06-15,206.01358121
2024-06-16,190.86297942
2024-06-17,224.07672885
2024-06-18,225.15741651
2024-06-19,222.15168860999998
2024-06-20,220.77472639
2024-06-21,229.94409756
2024-06-22,217.81257994999999
2024-06-23,195.2780197
2024-06-24,221.75736193
2024-06-25,223.58781994999998
2024-06-26,221.55589215
2024-06-27,220.57543915
2024-06-28,221.08755575
2024-06-29,210.97242154
2024-06-30,195.22881228999998
2024-07-01,197.84732207
2024-07-02,224.74146753
2024-07-03,227.32990436
2024-07-04,224.62152369999998
2024-07-05,217.22171742
2024-07-06,213.02806594
2024-07-07,196.01622013999997
2024-07-08,223.8055109
2024-07-09,228.09989221
2024-07-10,229.13175404
2024-07-11,230.85235282
2024-07-12,230.07490263
2024-07-13,218.59771073
2024-07-14,200.23719269999998
2024-07-15,224.39621793
2024-07-16,227.34551001
2024-07-17,230.66686396
2024-07-18,227.61467049
2024-07-19,224.24013616
2024-07-20,206.6558325
2024-07-21,199.56152063
2024-07-22,226.5619684
2024-07-23,229.02040821
2024-07-24,229.6628623
2024-07-25,233.69684786000002
2024-07-26,234.40089563
2024-07-27,220.90603786000003
2024-07-28,202.35005253999998
2024-07-29,236.38858811
2024-07-30,241.72211625
2024-07-31,241.05447335
2024-08-01,237.6579791
2024-08-02,238.89375372
2024-08-03,230.28900772999998
2024-08-04,210.84427383000002
2024-08-05,234.77072485
2024-08-06,233.45893477
2024-08-07,215.57701403000002
2024-08-08,237.28435623
2024-08-09,237.18040775999998
2024-08-10,222.6817359
2024-08-11,203.72518312
2024-08-12,233.85482205000002
2024-08-13,231.8866492
2024-08-14,238.3775115
2024-08-15,243.65629101
2024-08-16,243.2118942
2024-08-17,225.81293642
2024-08-18,202.61530729
2024-08-19,215.23597327000002
2024-08-20,239.40741576
2024-08-21,240.21215152000002
2024-08-22,236.73712625
2024-08-23,236.84391416999998
2024-08-24,223.45555149
2024-08-25,207.38594532999997
2024-08-26,225.20941486
2024-08-27,234.52411651
2024-08-28,242.87366297
2024-08-29,245.80438279
2024-08-30,243.91002895
2024-08-31,230.85892268
2024-09-01,207.21463168
2024-09-02,234.78429242
2024-09-03,238.8042075
2024-09-04,237.70825478
2024-09-05,238.00669948
2024-09-06,238.21602869999998
2024-09-07,225.62215352
2024-09-08,212.13714969999998
2024-09-09,240.91985419999997
2024-09-10,243.89491165
2024-09-11,246.56896325
2024-09-12,242.00339376999997
2024-09-13,245.92570164
2024-09-14,238.73290471
2024-09-15,220.24036462
2024-09-16,243.60823491
2024-09-17,233.59991294
2024-09-18,245.15119535999997
2024-09-19,245.68724831999998
2024-09-20,238.16482582
2024-09-21,229.81108467
2024-09-22,205.6586662
2024-09-23,233.25053104
2024-09-24,242.83819264000002
2024-09-25,241.17948324
2024-09-26,235.54556606
2024-09-27,238.08048041
2024-09-28,226.75902638
2024-09-29,202.4942853
2024-09-30,217.19092614000002
2024-10-01,230.3108274
2024-10-02,228.02997205
2024-10-03,230.62368433
2024-10-04,231.8084147
2024-10-05,218.2977245
2024-10-06,197.4163686
2024-10-07,222.06825671
2024-10-08,222.06787858
2024-10-09,226.42598278
2024-10-10,225.62656137000002
2024-10-11,226.49679024
2024-10-12,218.57153379
2024-10-13,198.96347597
2024-10-14,202.77534003
2024-10-15,223.9296542
2024-10-16,226.19382245
2024-10-17,232.60795301
2024-10-18,237.44335511000003
2024-10-19,224.69875851
2024-10-20,201.16135481
2024-10-21,223.79192328
2024-10-22,226.55017856999999
2024-10-23,228.53732406999998
2024-10-24,232.40442013999998
2024-10-25,236.45055296
2024-10-26,228.19213867
2024-10-27,208.9573549
2024-10-28,230.13659416
2024-10-29,234.2567685
2024-10-30,232.60876915
2024-10-31,222.00645551
2024-11-01,219.93106396000002
2024-11-02,211.07334899
2024-11-03,191.00246435999998
2024-11-04,195.05394627
2024-11-05,222.22662602
2024-11-06,227.14834876
2024-11-07,226.54890733000002
2024-11-08,221.83356559
2024-11-09,210.27976515
2024-11-10,190.68137431
2024-11-11,193.62214192000002
2024-11-12,218.85998382
2024-11-13,223.52436194
2024-11-14,224.97793814
2024-11-15,226.90835913
2024-11-16,215.12675363999998
2024-11-17,208.723965
2024-11-18,233.35968421
2024-11-19,236.7655499
2024-11-20,233.62306931
2024-11-21,234.40684113
2024-11-22,231.73331253
2024-11-23,222.81000898
2024-11-24,207.83606729
2024-11-25,236.73524158
2024-11-26,240.01606782
2024-11-27,238.67375287000002
2024-11-28,239.49662885
2024-11-29,240.13126997999998
2024-11-30,229.44606334
2024-12-01,215.92750213
2024-12-02,239.52535636
2024-12-03,242.46404564
2024-12-04,243.99756722
2024-12-05,244.36130296000002
2024-12-06,242.60003586
2024-12-07,227.98915695
2024-12-08,209.8053394
2024-12-09,236.58449859
2024-12-10,245.09171644999998
2024-12-11,243.49870188
2024-12-12,244.51297477
2024-12-13,242.79888329
2024-12-14,223.95962598
2024-12-15,209.35567823000002
2024-12-16,238.32777323
2024-12-17,238.10515811
2024-12-18,240.47291106999998
2024-12-19,240.48949266999998
2024-12-20,241.96017075999998
2024-12-21,227.82892392
2024-12-22,211.88398734999998
2024-12-23,225.91708744
2024-12-24,213.59186863
2024-12-25,190.41197941
2024-12-26,225.38331553999998
2024-12-27,228.01131918000002
2024-12-28,219.82371774
2024-12-29,206.21036881
2024-12-30,214.38261366999998
2024-12-31,198.34735364000002
2025-01-01,176.12359116
2025-01-02,204.82845411
2025-01-03,212.38707194
2025-01-04,205.84466984
2025-01-05,193.90259856999998
2025-01-06,197.79396477
2025-01-07,221.97402858
2025-01-08,232.13321624
2025-01-09,230.87051391
2025-01-10,232.45224921000002
2025-01-11,223.61314867
2025-01-12,205.28206396000002
2025-01-13,229.95266979
2025-01-14,237.2457048
2025-01-15,237.36404221
2025-01-16,237.54622701
2025-01-17,239.66088632
2025-01-18,225.01714568
2025-01-19,208.41681807
2025-01-20,237.57974101
2025-01-21,241.26676748
2025-01-22,242.34988400999998
2025-01-23,242.96544886
2025-01-24,242.81024981000002
2025-01-25,230.93984202000001
2025-01-26,206.20622744
2025-01-27,234.52189130000002
2025-01-28,237.85379872
2025-01-29,238.00648806
2025-01-30,235.57436275999999
2025-01-31,236.08961706
2025-02-01,225.56775800999998
2025-02-02,206.69937328
2025-02-03,237.84054468
2025-02-04,239.20710734
2025-02-05,241.22891592000002
2025-02-06,242.69265625999998
2025-02-07,243.80862891
2025-02-08,226.14064151
2025-02-09,204.55641728999998
2025-02-10,225.37094482999998
2025-02-11,228.30847838
2025-02-12,230.16982141999998
2025-02-13,231.40655188999997
2025-02-14,229.26588752
2025-02-15,218.28405592000001
2025-02-16,199.52556621000002
2025-02-17,224.76892428
2025-02-18,227.66106246
2025-02-19,229.97721944
2025-02-20,231.7653774
2025-02-21,232.93283716
2025-02-22,221.29247096
2025-02-23,201.39184448
2025-02-24,226.79094304999998
2025-02-25,230.80647872999998
2025-02-26,230.13965464
2025-02-27,231.33128551
2025-02-28,229.81233249000002
2025-03-01,218.8981632
2025-03-02,201.41699572
2025-03-03,224.13693417
2025-03-04,228.91821690999998
2025-03-05,230.65610096
2025-03-06,229.79030906
2025-03-07,230.78450485
2025-03-08,219.584955
2025-03-09,202.5694187
2025-03-10,228.14943678
2025-03-11,230.74938053
2025-03-12,229.63817701999997
2025-03-13,233.15506330000002
2025-03-14,229.92513318000002
2025-03-15,218.977757
2025-03-16,199.9277414
2025-03-17,226.4808344
2025-03-18,227.22586369
2025-03-19,229.27103788999997
2025-03-20,231.89661208
2025-03-21,233.16781519999998
2025-03-22,223.36959649000002
2025-03-23,205.25474823
2025-03-24,210.87357519
2025-03-25,234.88157839
2025-03-26,235.68403905000002
2025-03-27,235.54917047
2025-03-28,233.14905688
2025-03-29,222.03757794
2025-03-30,201.71573916999998
2025-03-31,226.28238905
2025-04-01,230.02185624
2025-04-02,228.72941887000002
2025-04-03,230.16606478
2025-04-04,228.45078867
2025-04-05,219.01587394
2025-04-06,199.9790199
2025-04-07,225.55171359
2025-04-08,229.04137675
2025-04-09,230.57272325
2025-04-10,228.20585247999998
2025-04-11,223.75833099000002
2025-04-12,218.62590604
2025-04-13,207.17285445
2025-04-14,232.26461983000002
2025-04-15,235.44193391
2025-04-16,232.74099711000002
2025-04-17,205.66869212
2025-04-18,195.02302406
2025-04-19,205.70055121000001
2025-04-20,201.28370756
2025-04-21,227.07969265
2025-04-22,229.96457516
2025-04-23,230.47084514
2025-04-24,234.07121747
2025-04-25,232.71105655000002
2025-04-26,219.82493378
2025-04-27,200.78076921000002
2025-04-28,229.51259046
2025-04-29,228.72568728
2025-04-30,226.69395037
2025-05-01,209.97862028
2025-05-02,227.19631737999998
2025-05-03,214.58355959
2025-05-04,199.59887656
2025-05-05,223.17823707999997
2025-05-06,227.23448765
2025-05-07,226.54391434000001
2025-05-08,227.02157628999998
2025-05-09,230.85119097999998
2025-05-10,225.6659052
2025-05-11,207.28155804
2025-05-12,236.91164107999998
2025-05-13,237.81446289
2025-05-14,235.60007149
2025-05-15,230.47189321000002
2025-05-16,228.34971251
2025-05-17,215.82026362
2025-05-18,199.61470479
2025-05-19,222.65810352
2025-05-20,230.93717599000001
2025-05-21,233.95664475
2025-05-22,234.0994094
2025-05-23,238.88481822
2025-05-24,229.14748827
2025-05-25,210.27740337
2025-05-26,232.34325497999998
2025-05-27,232.99207102
2025-05-28,234.17786677
2025-05-29,235.51295084
2025-05-30,238.27499665000002
2025-05-31,221.29413408000002
2025-06-01,198.18294813
2025-06-02,207.37299131
2025-06-03,231.0149999
2025-06-04,234.45182451
2025-06-05,234.69165577
2025-06-06,234.57467665000001
2025-06-07,224.83265897
2025-06-08,211.09027538
2025-06-09,233.48593743
2025-06-10,231.87915053999998
2025-06-11,228.41077153999998
2025-06-12,230.38588188999998
2025-06-13,225.12627811000002
2025-06-14,212.35665573000003
2025-06-15,198.65799903
2025-06-16,229.92155083
2025-06-17,232.72386353
2025-06-18,236.47326180000002
2025-06-19,238.02216607
2025-06-20,239.46924573
2025-06-21,227.59965572
2025-06-22,201.63184492000002
2025-06-23,203.58194528
2025-06-24,227.07795333
2025-06-25,233.14996064000002
2025-06-26,236.92426801
2025-06-27,236.61749188
2025-06-28,223.81186276
2025-06-29,205.26708852000002
2025-06-30,211.29709353
2025-07-01,232.90136265
2025-07-02,237.19057496000002
2025-07-03,237.47706479
2025-07-04,234.78957228
2025-07-05,218.19654227
2025-07-06,203.55410934
2025-07-07,232.64884469
2025-07-08,237.53372789000002
2025-07-09,238.43682757
2025-07-10,237.64832393
2025-07-11,237.80447683000003
2025-07-12,225.14223983
2025-07-13,205.35305123
2025-07-14,231.47615321
2025-07-15,236.37744145
2025-07-16,238.66945634
2025-07-17,240.09726944
2025-07-18,242.05544658
2025-07-19,230.561091
2025-07-20,211.64914274
2025-07-21,236.81549489000002
2025-07-22,241.25272977
2025-07-23,239.79513141
2025-07-24,242.75201797999998
2025-07-25,239.79025259
2025-07-26,224.67060877
2025-07-27,205.6614201
2025-07-28,235.625481
2025-07-29,236.82145731999998
2025-07-30,234.43715603
2025-07-31,239.98604047
2025-08-01,243.0671712
2025-08-02,230.8621395
2025-08-03,205.57621743
2025-08-04,230.57580395
2025-08-05,235.2547502
2025-08-06,234.10645717
2025-08-07,218.33245217
2025-08-08,234.32149966999998
2025-08-09,218.66929839
2025-08-10,200.10425667
2025-08-11,229.11041656
2025-08-12,238.67114142000003
2025-08-13,240.03679738
2025-08-14,238.77145090000002
2025-08-15,237.66032178999998
2025-08-16,219.02438854
2025-08-17,200.48058999
2025-08-18,207.11020861
2025-08-19,232.98937666999998
2025-08-20,246.47891227000002
2025-08-21,245.97842846
2025-08-22,244.34406432
2025-08-23,228.60311695
2025-08-24,210.88409130000002
2025-08-25,237.56559453999998
2025-08-26,241.58644028
2025-08-27,244.85487169
2025-08-28,241.70349779
2025-08-29,243.42365026
2025-08-30,230.18608418
2025-08-31,211.43393225
2025-09-01,238.31787281
2025-09-02,242.60023518
2025-09-03,239.96834085
2025-09-04,243.06888626
2025-09-05,243.66458365
2025-09-06,230.04565077
2025-09-07,204.16653975
2025-09-08,235.84746192
2025-09-09,247.78868027000001
2025-09-10,251.01690666
2025-09-11,245.69150381
2025-09-12,238.56889622999998
2025-09-13,228.87479919999998
2025-09-14,209.63909419
2025-09-15,240.06333599
2025-09-16,242.27927621999999
2025-09-17,238.2031032
2025-09-18,234.17533581
2025-09-19,233.28087837
2025-09-20,222.61064906000001
2025-09-21,209.53207581
2025-09-22,235.08026637999998
2025-09-23,244.9889987
2025-09-24,247.8912119
2025-09-25,243.80460652000002
2025-09-26,239.95658239
2025-09-27,226.70092341999998
2025-09-28,208.22860928999998
2025-09-29,234.64570651
2025-09-30,231.30837626
2025-10-01,233.43770464000002
2025-10-02,233.68788336
2025-10-03,235.08495315000002
2025-10-04,220.37633728999998
2025-10-05,208.35343581
2025-10-06,234.15427309
2025-10-07,238.74131625
2025-10-08,238.54877366999997
2025-10-09,238.15029549000002
2025-10-10,232.80874827000002
2025-10-11,216.59633282
2025-10-12,196.13565197999998
2025-10-13,201.92782265
2025-10-14,228.58982683000002
2025-10-15,231.60904821
2025-10-16,227.35726281
2025-10-17,232.81809881
2025-10-18,225.17889162
2025-10-19,207.55959318
2025-10-20,233.9103625
2025-10-21,234.58153619
2025-10-22,241.79850887999999
2025-10-23,243.93825145
2025-10-24,242.01378702000002
2025-10-25,231.2521273
2025-10-26,219.70204378
2025-10-27,238.24082590999998
2025-10-28,241.0928509
2025-10-29,241.08663105000002
2025-10-30,238.36052594999998
2025-10-31,234.88887049000002
2025-11-01,226.10398103
2025-11-02,210.55471805000002
2025-11-03,214.5648835
2025-11-04,235.53085997
2025-11-05,237.46608339
2025-11-06,237.67860492
2025-11-07,241.89444075
2025-11-08,233.92013010999997
2025-11-09,215.53201017
2025-11-10,238.61383827
2025-11-11,239.08342955
2025-11-12,241.79165122999999
2025-11-13,240.95819534
2025-11-14,243.19357752000002
2025-11-15,227.39893007
2025-11-16,203.81514872
2025-11-17,209.75826848
2025-11-18,237.49643612
2025-11-19,242.81878867
2025-11-20,242.60848672999998
2025-11-21,241.39955464000002
2025-11-22,231.39789133000002
2025-11-23,212.10805424
2025-11-24,238.29528793
2025-11-25,243.35015055000002
2025-11-26,245.86088632
2025-11-27,245.27618378
2025-11-28,236.26538044999998
2025-11-29,219.27401105
2025-11-30,206.32258209
2025-12-01,229.22195194999998
2025-12-02,234.39543558000003
2025-12-03,237.58768381000002
2025-12-04,237.73864207
2025-12-05,240.29819282999998
2025-12-06,233.25442497
2025-12-07,213.75338833
2025-12-08,218.2853589
2025-12-09,246.55724621000002
2025-12-10,249.41293419
2025-12-11,250.72774135999998
2025-12-12,249.73204966999998
2025-12-13,237.30001912
2025-12-14,218.44568400999998
2025-12-15,246.68236428
2025-12-16,248.53813719
2025-12-17,246.64031105
2025-12-18,247.28917731
2025-12-19,247.51773516
2025-12-20,232.19620913999998
2025-12-21,218.85500391999997
2025-12-22,240.25480658
2025-12-23,242.05170637999998
2025-12-24,225.61428186
2025-12-25,200.01149763
2025-12-26,226.92614441
2025-12-27,226.60649093
2025-12-28,214.95859869999998
2025-12-29,233.7229768
2025-12-30,232.55621182
2025-12-31,218.88338926
2026-01-01,192.73872571
2026-01-02,215.43508716
2026-01-03,217.9240346
2026-01-04,207.58075266999998
2026-01-05,228.97944669
2026-01-06,232.55453142000002
2026-01-07,235.54312815
2026-01-08,238.06554721
2026-01-09,239.58884337
2026-01-10,227.14780527000002
2026-01-11,211.77150815000002
2026-01-12,212.3441884
2026-01-13,234.82782459
2026-01-14,239.47264833000003
2026-01-15,237.29208192
2026-01-16,239.98193219
2026-01-17,232.28449381000001
2026-01-18,216.11291743
2026-01-19,243.69054044
2026-01-20,243.10509592
2026-01-21,246.81155277000002
2026-01-22,247.36345132999998
2026-01-23,239.98459187
2026-01-24,229.14527343
2026-01-25,211.47827251
2026-01-26,237.85727818
2026-01-27,241.30451952
2026-01-28,239.46859695
2026-01-29,238.57534724
2026-01-30,239.32991090000002
2026-01-31,223.15854214
2026-02-01,197.94590806
2026-02-02,215.15818602000002
2026-02-03,226.03834866
2026-02-04,232.75038340999998
2026-02-05,235.82991235999998
2026-02-06,233.48864237
2026-02-07,220.97142694
2026-02-08,204.84572697
2026-02-09,234.37389098
2026-02-10,239.81573249000002
2026-02-11,241.6628697
2026-02-12,242.25009988
2026-02-13,242.92083463999998
2026-02-14,227.80994887
2026-02-15,206.88964662
2026-02-16,230.58726293
2026-02-17,236.87099296
2026-02-18,238.34905233
2026-02-19,238.89408666
2026-02-20,241.18133876
2026-02-21,230.93499918
2026-02-22,210.80137376
2026-02-23,235.98846744
2026-02-24,236.61844167
2026-02-25,239.34507984
2026-02-26,243.12903622
2026-02-27,245.15455156000002
2026-02-28,234.50678286000002
2026-03-01,214.69918515
2026-03-02,240.13982323000002
2026-03-03,246.58965769999998
2026-03-04,248.08189338
2026-03-05,245.69978114000003
2026-03-06,246.37443522
2026-03-07,233.09189918
2026-03-08,211.01024066
2026-03-09,239.60169324
2026-03-10,244.89139531
2026-03-11,243.86056703999998
2026-03-12,245.79217946
2026-03-13,244.16935576999998
2026-03-14,233.56273051
2026-03-15,216.38430588
2026-03-16,245.93055013999998
2026-03-17,249.29862324
2026-03-18,242.31757198
2026-03-19,241.63446335
2026-03-20,242.74170300999998
2026-03-21,230.77985786000002
2026-03-22,211.48802315999998
2026-03-23,219.03592572
2026-03-24,241.9122591
2026-03-25,247.27244668
2026-03-26,250.30486031
2026-03-27,245.23836171000002
2026-03-28,234.662053
2026-03-29,218.16048691
2026-03-30,237.90541205000002
2026-03-31,238.85856044
2026-04-01,232.61669479
2026-04-02,209.39857811000002
2026-04-03,202.48818684
2026-04-04,216.36377505
2026-04-05,211.83269917
2026-04-06,240.76657383000003
2026-04-07,248.37210975
2026-04-08,249.61204714
2026-04-09,251.16275789
2026-04-10,251.27655113
2026-04-11,238.44929429
2026-04-12,220.69517571
2026-04-13,245.11060397
2026-04-14,246.21589046
2026-04-15,245.20273107
2026-04-16,245.3498985
2026-04-17,244.28447706
2026-04-18,232.50060009999999
2026-04-19,214.78831971
2026-04-20,241.16252269
2026-04-21,244.83375382
2026-04-22,245.24423894
2026-04-23,245.07126103
2026-04-24,244.47826666999998
2026-04-25,233.99263163999998
2026-04-26,216.84584818000002
2026-04-27,243.37160274000001
2026-04-28,249.02570497
2026-04-29,248.22239904
2026-04-30,248.63307861
2026-05-01,231.67950568999998
2026-05-02,230.57333716
2026-05-03,216.04990865
2026-05-04,244.77155333000002
2026-05-05,253.68472857
2026-05-06,254.24006141
2026-05-07,255.01046546999999
2026-05-08,253.17304901
2026-05-09,240.6490709
2026-05-10,221.58735937
2026-05-11,248.01580469
2026-05-12,250.08279288
2026-05-13,251.73675795000003
2026-05-14,254.68485345
2026-05-15,258.28927095
2026-05-16,244.80571364
2026-05-17,219.70698797
2026-05-18,225.38516403999998
2026-05-19,250.76296678
2026-05-20,255.21281069999998
2026-05-21,253.30336644
2026-05-22,255.11408322999998
2026-05-23,245.02715418
2026-05-24,222.33189825
2026-05-25,251.25470842000001
2026-05-26,253.76735294999997
2026-05-27,253.61717
2026-05-28,255.77700105000002
2026-05-29,252.31108677
2026-05-30,237.04772821
2026-05-31,218.56180557
2026-06-01,249.76694133
2026-06-02,253.94730186
2026-06-03,250.54678133000002
2026-06-04,247.47407198000002
2026-06-05,244.05165184999998
2026-06-06,227.97811717000002
2026-06-07,207.37499504
2026-06-08,211.38133376
2026-06-09,236.12710882
2026-06-10,242.26416654
2026-06-11,250.77290305000002
2026-06-12,255.85251709
2026-06-13,244.32018081
2026-06-14,220.04077165
2026-06-15,219.81931967000003
2026-06-16,242.00042787
2026-06-17,247.53020884
2026-06-18,243.96664068
2026-06-19,245.18673119
2026-06-20,236.1397499
2026-06-21,214.9774727
2026-06-22,247.62768082
2026-06-23,251.52063827
2026-06-24,252.06511997
2026-06-25,254.92156202
2026-06-26,253.02356706999998
2026-06-27,238.62026394
2026-06-28,220.27314518
2026-06-29,229.36486552000002
2026-06-30,253.06277339000002
2026-07-01,253.62598625
2026-07-02,254.13772237
2026-07-03,250.72155834999998
2026-07-04,235.69411372
2026-07-05,220.61372394
2026-07-06,252.39901984
2026-07-07,254.58723402
2026-07-08,258.17091756
2026-07-09,253.83075737000001
2026-07-10,251.18687891
2026-07-11,240.85388865000002
2026-07-12,218.31853894999998
2026-07-13,222.07159306
2026-07-14,249.69779964
2026-07-15,256.51849417
2026-07-16,257.98833575
2026-07-17,257.75283174000003
2026-07-18,244.13588593
2026-07-19,220.19646895
2026-07-20,217.72367837000002
2026-07-21,242.59734981
2026-07-22,251.14840353
2026-07-23,246.79186746000002
2026-07-24,248.08526564000002
2026-07-25,240.82673157
2026-07-26,219.66193085
2026-07-27,242.76080179
2026-07-28,251.55452824
2026-07-29,256.26159363
2026-07-30,257.64261308
2026-07-31,253.55098973
2026-08-01,242.20089550999998
2026-08-02,224.56000963999998
2026-08-03,251.97430803999998
2026-08-04,252.80227349
2026-08-05,261.37264375
2026-08-06,258.27599270999997
2026-08-07,232.7988452
2026-08-08,237.86795482
2026-08-09,223.62644213
2026-08-10,235.9926063
2026-08-11,252.21417959000001
2026-08-12,257.60272569
2026-08-13,253.21976447999998
2026-08-14,255.59551657
2026-08-15,242.98326033
2026-08-16,220.74318361000002
2026-08-17,217.82596778
2026-08-18,242.72011569
2026-08-19,252.44867271
2026-08-20,256.4717351
2026-08-21,260.26174415
2026-08-22,242.16817322
2026-08-23,223.08781359
2026-08-24,254.12314197999999
2026-08-25,264.72434207
2026-08-26,263.30330709
2026-08-27,265.98757965
2026-08-28,267.35653081
2026-08-29,250.33807929
2026-08-30,226.32971990000001
2026-08-31,254.70693988
